<?xml version="1.0" encoding="UTF-8"?>
<beans xmlns="http://www.springframework.org/schema/beans"
	xmlns:xsi="http://www.w3.org/2001/XMLSchema-instance"
	xsi:schemaLocation="http://www.springframework.org/schema/beans https://www.springframework.org/schema/beans/spring-beans.xsd">

	<!-- Root Context: defines shared resources visible to all other web components -->


	<!-- HandlerMapping 등록 -->
<!-- 
	<bean
		class="org.springframework.web.servlet.handler.SimpleUrlHandlerMapping">
		<property name="mappings">
			<props>
				<prop key="/login">login</prop>
			</props>
		</property>
	</bean>
	-->


	<!-- Controller 등록 -->

	<bean id="login" class="com.team4.test.LoginController"></bean>



	<!-- datasource 등록 -->
	
	<bean id="dataSource" class="org.springframework.jdbc.datasource.DriverManagerDataSource">
    <property name="driverClassName" value="com.mysql.cj.jdbc.Driver"></property> 
    <property name="url" value="jdbc:mysql://tema4.cxi8r3mt3i1k.ap-northeast-2.rds.amazonaws.com:3306/project"></property>
    <property name="username" value="team4db"></property>
    <property name="password" value="comstudy21"></property> 
</bean>

</beans>
