<?xml version="1.0" encoding="UTF-8" ?>
<!DOCTYPE configuration
  PUBLIC "-//mybatis.org//DTD Config 3.0//EN"
  "http://mybatis.org/dtd/mybatis-3-config.dtd">
<configuration>

	<!--Properties 파일 설정 -->
	<properties resource="db.properties" />

	<!-- 이걸 해줬기 때문에 result-type을 짧게 줄일 수 있었던 것 -->
	<typeAliases>
		<typeAlias type="com.team4.vo.UserVo" alias="UserVo"></typeAlias>
		
	</typeAliases>

	<environments default="development">
		<environment id="development">
			<transactionManager type="JDBC" />
			<dataSource type="POOLED">
				<property name="driver" value="${jdbc.driverClassName}" />
				<property name="url" value="${jdbc.url}" />
				<property name="username" value="${jdbc.username}" />
				<property name="password" value="${jdbc.password}" />
			</dataSource>
		</environment>
	</environments>

	<!-- Sql Mapper 설정 : 여러개 가능 -->
	<mappers>
		<mapper resource="mappings/login.xml" />
		<mapper resource="mappings/update.xml"/>
		<mapper resource="mappings/myPage.xml"/>
	</mappers>

</configuration>



